{
  "po_box": "SSCSPO",
  "jurisdiction": "SSCS",
  "delivery_date": "23-06-2018 00:00:00.000000",
  "opening_date": "23-06-2018 00:00:00.000000",
  "zip_file_createddate": "23-06-2018 00:00:00.000000",
  "zip_file_name": "7_24-06-2018-00-00-00.zip",
  "urgent": "false",
  "classification": "exception",
  "scannable_items": [
      {
        "document_control_number": "1111002",
        "scanning_date": "23-06-2018 00:00:00.000000",
        "ocr_accuracy": "test",
        "manual_intervention": "test",
        "next_action": "return",
        "next_action_date": "23-06-2018 00:00:00.000000",
        "ocr_data": "dGVzdA==",
        "file_name": "1111002.pdf",
        "notes": "test",
        "document_type": "Other"
      }
  ],
  "payments": [
      {
        "document_control_number": "1111002",
        "method": "Cheque",
        "amount": "100.00",
        "currency": "GBP"
      }
  ],
  "non_scannable_items": [
      {
        "item_type": "CD",
        "notes": "4GB USB memory stick"
      }
  ]
}
