{
  "case_number": "1542206852583467",
  "classification": "supplementary_evidence",
  "po_box": "1913",
  "jurisdiction": "BULKSCAN",
  "delivery_date": "14-11-2018 09:52:00.000000",
  "opening_date": "15-11-2018 09:30:00.000000",
  "zip_file_createddate": "13-11-2018 15:41:00.000000",
  "zip_file_name": "453_14-11-2018-15-49-36.zip", 
  "scannable_items": [
      {
        "document_control_number": "238",
        "document_type": "Other",
        "scanning_date": "13-11-2018 12:20:00.000000",
        "next_action": "forward",
        "next_action_date": "13-11-2018 12:32:00.000000",
        "file_name": "sscs1.pdf"
      }

  ]

}
